# Author(s): BirdyBoi
# --------------------
# Reordering Code: BlackSyX
# This is 3 of 4 files to modify the terrain photo.
# Country order/sort by of countries based on regions starting from North America to Oceania
#
# Happy Coding!
#
# © Millenium Dawn 2016-2025

anjouan_rebellion = { custom_modifier_tooltip = COM_anhouan_rebellio_tt master_ideology_drift = -0.03 supply_factor = -0.5 }
terrain_chicago_illinois = { } #
terrain_berlin = { } #
terrain_aleppo_citadel_syria = { } #
terrain_jerusalem = { } #
terrain_mecca = { } #
terrain_paris = { } #
terrain_lisbon = { } #
terrain_london = { } #
terrain_moscow = { } #
terrain_singapore = { } #
terrain_hong_kong = { } #
terrain_shanghai = { } #
terrain_fuzhou = { } #
terrain_beijing = { } #
terrain_athens = { } #
terrain_istanbul = { } #



### North America ###

## Canada - CAN
terrain_montreal = { }
terrain_ottawa = { }
terrain_quebec = { }
terrain_toronto = { }
terrain_vancouver = { }
terrain_victoria = { }
terrain_hamilton = { }
terrain_edmonton = { }
terrain_calgary = { }
terrain_saskatoon = { }
terrain_winnipeg = { }
terrain_windsor = { }
terrain_CAN_london = { }
terrain_halifax = { }
terrain_pingualuit_national_park = { }
terrain_riviere-koksoak_1 = { }
terrain_riviere-koksoak_2 = { }

## United State of America - USA
terrain_atlanta = { }
terrain_austin = { }
terrain_baltimore = { }
terrain_boston = { }
terrain_buffalo = { }
terrain_cleveland = { }
terrain_columbus = { }
terrain_dallas = { }
terrain_denver = { }
terrain_detroit = { }
terrain_houston = { }
terrain_indianapolis = { }
terrain_kansas_city = { }
terrain_los_angeles = { }
terrain_miami = { }
terrain_key_west = { }
terrain_minneapolis = { }
terrain_mission_viejo = { }
terrain_new_orleans = { }
terrain_new_york = { }
terrain_KSC = { }
terrain_newark = { }
terrain_oakland = { }
terrain_oklahoma_city = { }
terrain_philadelphia = { }
terrain_phoenix = { }
terrain_pittsburgh = { }
terrain_portland = { }
terrain_riverside = { }
terrain_sacramento = { }
terrain_san_antonio = { }
terrain_san_diego = { }
terrain_san_francisco = { }
terrain_seattle = { }
terrain_st_louis = { }
terrain_tampa = { }
terrain_las_vegas = { }
terrain_washington_dc = { }
terrain_san_juan = { }
terrain_charlotte_amalie = { }
terrain_fairbanks = { }
terrain_anchorage = { }
terrain_juneau = { }
terrain_attu_island = { }
terrain_midway_atoll = { }
terrain_johnston_atoll = { }
terrain_wake_island = { }
terrain_guam = { }
terrain_okinawa_base = { }

## Mexico - MEX
terrain_mexico_city = { }
terrain_guadalajara = { }
terrain_monterrey = { }
terrain_tijuana = { }
terrain_mexicali = { }



### Caribbean ###

## Bahamas - BAH
terrain_nassau = { }

## Cuba - CUB
terrain_havana = { }

## Jamaica - JAM
terrain_kingston = { }

## Haiti - HAI
terrain_port_au_prince = { }

## Dominica Republic - DOM
terrain_santo_domingo = { }

## St Kitts & Nevis - STK

## Antigua & Barbuda - ANT

## Dominica - DMI

## St Lucia - STL

## St Vincent and the Grenadines - STV

## Barbados - BAR

## Grenada - GRA

## Trinidad and Tobago - TRI




### Central America ###

## Belize - BLZ
terrain_belmopan = { }

## Guatemala - GUA
terrain_guatamela_city = { }

## El Salvador - ELS
terrain_san_salvador = { }

## Honduras - HON
terrain_tegucigalpa = { }

## Nicaragua - NIC
terrain_managua = { }

## Costa Rica - COS
terrain_san_jose = { }

## Panama - PAN
terrain_panama_city = { }



### South America ###

## Colombia - COL
terrain_bogota = { }
terrain_barranquilla = { }
terrain_medellin = { }

## Venezuela - VEN
terrain_caracas = { }
terrain_maracaibo = { }

## Guyana - GUY
terrain_georgetown = { }

## Suriname - SUR
terrain_paramaribo = { }

## French Guiana - FRA


## Ecuador - ECU
terrain_quito = { }
terrain_guayaquil = { }

## Peru - PRU
terrain_lima = { }

## Bolivia - BOL
terrain_la_paz = { }
terrain_sucre = { }

## Paraguay - PAR
terrain_asuncion = { }

## Brazil - BRA
terrain_brasilia = { }
terrain_fortaleza = { }
terrain_rio_de_janiero = { } #
terrain_manaus = { }
terrain_porto_algre = { }
terrain_recife = { }
terrain_salvador = { }
terrain_sao_jose_dos_campos = { }
terrain_sao_paulo = { }

## Uruguay - URG
terrain_montevideo = { }

## Argentina - ARG
terrain_buenos_aires = { }
terrain_cordoba = { }

## Chile - CHL
terrain_santiago = { }



### Scandinavia / North Europe ###

## Greenland - GRL
terrain_gronland = { }
terrain_nuuk = { }

## Iceland - ICE
terrain_reykjavik = { }

## Denmark - DEN
terrain_copenhagen = { }
terrain_faroe_islands = { }
terrain_DEN_aalborg = { }
terrain_DEN_aarhus = { }
terrain_DEN_odense = { }
terrain_DEN_ronne = { }

## Norway - NOR
terrain_oslo = { }
terrain_bergen = { }
terrain_NOR_bodo = { }
terrain_NOR_trondheim = { }
terrain_NOR_stavanger = { }
terrain_NOR_drammen = { }
terrain_NOR_fredrikstad = { }

## Sweden - SWE
terrain_malmo = { }
terrain_goteborg = { }
terrain_stockholm = { }
terrain_SWE_umea = { }
terrain_SWE_sundsvall = { }
terrain_SWE_vasteras = { }
terrain_SWE_orebro = { }
terrain_SWE_uppsala = { }
terrain_SWE_huddinge = { }
terrain_SWE_visby = { }
terrain_SWE_norrkoping = { }
terrain_SWE_linkoping = { }
terrain_SWE_jonkoping = { }
terrain_SWE_boras = { }
terrain_SWE_goteborg = { }
terrain_SWE_helsingborg = { }

## Finland / Finnish / Suomi - FIN
terrain_helsinki = { }
terrain_turku = { }
terrain_FIN_oulu = { }
terrain_FIN_tampere = { }
terrain_FIN_jyvaskyla = { }
terrain_FIN_kuopio = { }
terrain_FIN_espoo = { }
terrain_FIN_vantaa = { }
terrain_FIN_lahti = { }
terrain_FIN_mariehamn = { }



### Iberian ###

## Portugal / Portuguese - POR
terrain_algarve = { }
terrain_porto = { }
terrain_the_azores = { }
terrain_medeira = { }
terrain_POR_porto = { }
terrain_POR_braga = { }
terrain_POR_coimbra = { }
terrain_POR_leiria = { }
terrain_POR_evora = { }
terrain_POR_faro = { }

## Spain / Espanola - SPR
terrain_barcelona = { }
terrain_bilbao = { }
terrain_ceuta = { }
terrain_granada = { }
terrain_madrid = { }
terrain_malaga = { }
terrain_melilla = { }
terrain_murcia = { }
terrain_sevilla = { }
terrain_valencia = { }
terrain_zaragoza = { }
terrain_canary_island = { }
terrain_SPR_ibiza = { }
terrain_SPR_palma_de_mallorca = { }
terrain_SPR_mahon = { }
terrain_SPR_vigo = { }
terrain_SPR_ourense = { }
terrain_SPR_santiago_de_compostela = { }
terrain_SPR_la_coruna = { }
terrain_SPR_lugo = { }
terrain_SPR_gijon = { }
terrain_SPR_leon = { }
terrain_SPR_salamanca = { }
terrain_SPR_valladolid = { }
terrain_SPR_burgos = { }
terrain_SPR_santander = { }
terrain_SPR_victoria = { }
terrain_SPR_logrono = { }
terrain_SPR_pamplona = { }
terrain_SPR_lleidia = { }
terrain_SPR_tarragona = { }
terrain_SPR_girona = { }
terrain_SPR_talavera_de_la_reina = { }
terrain_SPR_caceres = { }
terrain_SPR_badajoz = { }
terrain_SPR_toledo = { }
terrain_SPR_ciudad_real = { }
terrain_SPR_albacete = { }
terrain_SPR_castello_de_la_plana = { }
terrain_SPR_cartagena = { }
terrain_SPR_cadiz = { }
terrain_SPR_huelva = { }
terrain_SPR_cordoba = { }
terrain_SPR_jaen = { }

## Andorra - ADO
terrain_andorra_la_vella = { }



### West Europe ###

## Ireland
terrain_dublin = { }
terrain_IRE_galway = { }
terrain_IRE_cork = { }

## United Kingdom / England / English - ENG
terrain_edinburgh = { }
terrain_glasgow = { }
terrain_gibraltar = { }
terrain_belfast = { }
terrain_birmingham = { }
terrain_cambridge = { }
terrain_cardiff = { }
terrain_leeds = { }
terrain_liverpool = { }
terrain_manchester = { }
terrain_newcastle = { }
terrain_nottingham = { }
terrain_oxford = { }
terrain_sheffield = { }
terrain_george_town = { }
terrain_saint_george = { }
terrain_shetland = { }
terrain_ascension = { }
terrain_saint_halena = { }
terrain_south_georgia_island = { }
terrain_west_falkland = { }
terrain_east_falkland = { }
terrain_diego_garcia = { }
terrain_ENG_kirkwall = { }
terrain_ENG_stornoway = { }
terrain_ENG_thurso = { }
terrain_ENG_inverness = { }
terrain_ENG_aberdeen = { }
terrain_ENG_dundee = { }
terrain_ENG_isle_of_man = { }
terrain_ENG_dumfries = { }
terrain_ENG_sunderland = { }
terrain_ENG_middlesbrough = { }
terrain_ENG_hull = { }
terrain_ENG_york = { }
terrain_ENG_blackpool = { }
terrain_ENG_bolton = { }
terrain_ENG_wrexham = { }
terrain_ENG_swansea = { }
terrain_ENG_lincoln = { }
terrain_ENG_leicester = { }
terrain_ENG_northampton = { }
terrain_ENG_peterborough = { }
terrain_ENG_derby = { }
terrain_ENG_stoke = { }
terrain_ENG_worcester = { }
terrain_ENG_coventry = { }
terrain_ENG_bristol = { }
terrain_ENG_plymouth = { }
terrain_ENG_exeter = { }
terrain_ENG_bournemouth = { }
terrain_ENG_southampton = { }
terrain_ENG_portsmouth = { }
terrain_ENG_brighton = { }
terrain_ENG_maidstone = { }
terrain_ENG_gilingham = { }
terrain_ENG_south_london = { }
terrain_ENG_luton = { }
terrain_ENG_norwich = { }
terrain_ENG_ipswich = { }
terrain_ENG_southend = { }

## France / République Française / French - FRA
terrain_lyon = { }
terrain_nantes = { }
terrain_bordeaux = { }
terrain_lille = { }
terrain_marseille = { }
terrain_nice = { }
terrain_rouen = { }
terrain_strasbourg = { }
terrain_toulouse = { }
terrain_versailles = { }
terrain_st_pierre_and_miquelon = { }
terrain_reunion = { }
terrain_kerguelen = { }
terrain_FRA_brest = { }
terrain_FRA_lorient = { }
terrain_FRA_saint_brieuc = { }
terrain_FRA_rennes = { }
terrain_FRA_angers = { }
terrain_FRA_le_mans = { }
terrain_FRA_caen = { }
terrain_FRA_le_havre = { }
terrain_FRA_calais = { }
terrain_FRA_dunkerque = { }
terrain_FRA_tours = { }
terrain_FRA_chateauroux = { }
terrain_FRA_bourges = { }
terrain_FRA_orleans = { }
terrain_FRA_reims = { }
terrain_FRA_chalons = { }
terrain_FRA_nancy = { }
terrain_FRA_thionville = { }
terrain_FRA_metz = { }
terrain_FRA_mulhouse = { }
terrain_FRA_la_rochelle = { }
terrain_FRA_angouleme = { }
terrain_FRA_poitiers = { }
terrain_FRA_limoges = { }
terrain_FRA_ciermont_ferrand = { }
terrain_FRA_saint_etienne = { }
terrain_FRA_dijon = { }
terrain_FRA_besancon = { }
terrain_FRA_bayonne = { }
terrain_FRA_pau = { }
terrain_FRA_perpignan = { }
terrain_FRA_montpellier = { }
terrain_FRA_nimes = { }
terrain_FRA_valence = { }
terrain_FRA_grenoble = { }
terrain_FRA_annecy = { }
terrain_FRA_avignon = { }
terrain_FRA_gap = { }
terrain_FRA_tuolon = { }
terrain_FRA_ajaccio = { }

## Germany / Deutschland - GER
terrain_bremen = { }
terrain_dortmund = { }
terrain_dresden = { }
terrain_essen = { }
terrain_frankfurt = { }
terrain_hamburg = { }
terrain_hannover = { }
terrain_kiel = { }
terrain_koln = { }
terrain_munchen = { }
terrain_nurnberg = { }
terrain_rostock = { }
terrain_stuttgart = { }
terrain_chemnitz = { }
terrain_magdeburg = { }
terrain_dusseldorf = { }
terrain_GER_eastern_berlin = { }
terrain_GER_southwest_berlin = { }
terrain_GER_augsburg = { }
terrain_GER_regensburg = { }
terrain_GER_passau = { }
terrain_GER_friedrichshafen = { }
terrain_GER_freiburg = { }
terrain_GER_karlsruhe = { }
terrain_GER_ulm = { }
terrain_GER_mannheim = { }
terrain_GER_wurtzburg = { }
terrain_GER_bayreuth = { }
terrain_GER_saarbrucken = { }
terrain_GER_trier = { }
terrain_GER_kaiserslautern = { }
terrain_GER_koblenz = { }
terrain_GER_mainz = { }
terrain_GER_wiesbaden = { }
terrain_GER_kassel = { }
terrain_GER_bonn = { }
terrain_GER_aachen = { }
terrain_GER_munster = { }
terrain_GER_paderborn = { }
terrain_GER_bielefeld = { }
terrain_GER_osnabruck = { }
terrain_GER_oldenburg = { }
terrain_GER_gottingen = { }
terrain_GER_braunschweig = { }
terrain_GER_lubeck = { }
terrain_GER_schwerin = { }
terrain_GER_stralsund = { }
terrain_GER_halle = { }
terrain_GER_potsdam = { }
terrain_GER_cottbus = { }
terrain_GER_erfurt = { }
terrain_GER_weimar = { }
terrain_GER_leipzig = { }

## Monaco - MNC
terrain_monaco = { }



### Benelux ###

## Belgium - BEL
terrain_brussels = { }
terrain_BEL_brugge = { }
terrain_BEL_gent = { }
terrain_BEL_leuven = { }
terrain_BEL_charleroi = { }
terrain_BEL_namur = { }
terrain_BEL_liege = { }
terrain_BEL_eupen = { }

## Luxembourg - LUX
terrain_luxembourg_city = { }

## Netherlands / Holland - HOL
terrain_den_haag = { }
terrain_amsterdam = { }
terrain_rotterdam = { }
terrain_antwerp = { }
terrain_breda = { }
terrain_HOL_leeuwarden = { }
terrain_HOL_groningen = { }
terrain_HOL_emmen = { }
terrain_HOL_alkmaar = { }
terrain_HOL_dordrecht = { }
terrain_HOL_almere = { }
terrain_HOL_utrecht = { }
terrain_HOL_zwolle = { }
terrain_HOL_enschede = { }
terrain_HOL_arnhem = { }
terrain_HOL_apeldoorn = { }
terrain_HOL_nijmegen = { }
terrain_HOL_eindhoven = { }
terrain_HOL_maastricht = { }



### Alpine Region ###

## Switzerland - SWI
terrain_basel = { }
terrain_geneve = { }
terrain_zurich = { }
terrain_neuchâtel = { }
terrain_chasseral = { }
terrain_rochers_de_naye = { }
terrain_weisshorn = { }
terrain_jurapark_aargau = { }
terrain_immenberg = { }
terrain_bern = { }
terrain_zell = { }
terrain_stockhorn = { }
terrain_schrattenfluh = { }
terrain_mount_pilatus = { }
terrain_lugano = { }
terrain_lenzerhorn = { }
terrain_chur = { }
terrain_neuchatel = { }

## Liechtenstein - LIC
terrain_vadus = { }

## Austria - AUS
terrain_vienna = { }
terrain_graz = { }
terrain_AUS_bregenz = { }
terrain_AUS_innsbruck = { }
terrain_AUS_salzburg = { }
terrain_AUS_klagenfurt = { }
terrain_AUS_linz = { }



### Baltic Region ###

## Estonia - EST
terrain_tallinn = { }
terrain_EST_kuressaare = { }
terrain_EST_narva = { }
terrain_EST_tartu = { }

## Latvia - LAT
terrain_riga = { }
terrain_LAT_liepaja = { }
terrain_LAT_ventspils = { }
terrain_LAT_jelgava = { }
terrain_LAT_daugavpils = { }

## Lithuania - LIT
terrain_vilnius = { }
terrain_kaunas = { }
terrain_klaipeda = { }
terrain_siauliai = { }
terrain_LIT_klaipeda = { }
terrain_LIT_siauliai = { }
terrain_LIT_panevezys = { }
terrain_LIT_alytus = { }



### East Europe ###

## Czechia / Czech Repiblic - CZE
terrain_prague = { }
terrain_ostrava = { }
terrain_brno = { }
terrain_CZE_usti = { }
terrain_CZE_liberec = { }
terrain_CZE_hradec_kralove = { }
terrain_CZE_plzen = { }
terrain_CZE_budejovice = { }
terrain_CZE_jihlava = { }
terrain_CZE_pardubice = { }
terrain_CZE_olomouc = { }
terrain_CZE_zlin = { }

## Slovakia - SLO
terrain_bratislava = { }
terrain_kosice = { }
terrain_SLO_nitra = { }
terrain_SLO_zilina = { }
terrain_SLO_banska_bystrica = { }
terrain_SLO_presov = { }

## Hungary - HUN
terrain_budapest = { }
terrain_debrecen = { }
terrain_szeged = { }
terrain_HUN_szombathely = { }
terrain_HUN_gyor = { }
terrain_HUN_szekesfehervar = { }
terrain_HUN_pecs = { }
terrain_HUN_miskolc = { }
terrain_HUN_kecskemet = { }
terrain_HUN_nyiregyhaza = { }

## Poland - POL
terrain_warsaw = { }
terrain_torun = { }
terrain_gdansk = { }
terrain_plock = { }
terrain_wloclawek = { }
terrain_bialystok = { }
terrain_bydgoszcz = { }
terrain_czestochowa = { }
terrain_katowice = { }
terrain_krakow = { }
terrain_lodz = { }
terrain_lublin = { }
terrain_poznan = { }
terrain_szczecin = { }
terrain_slupsk = { }
terrain_elblag = { }
terrain_olsztyn = { }
terrain_wroclaw = { }
terrain_suwalki = { }
terrain_gorzow = { }
terrain_POL_gorzow = { }
terrain_POL_gdynia = { }
terrain_POL_sopot = { }
terrain_POL_zielona_gora = { }
terrain_POL_legnica = { }
terrain_POL_walbrzych = { }
terrain_POL_kalisz = { }
terrain_POL_plock = { }
terrain_POL_radom = { }
terrain_POL_siedlce = { }
terrain_POL_opole = { }
terrain_POL_tychy = { }
terrain_POL_kielce = { }
terrain_POL_bielsko_biala = { }
terrain_POL_nowy_sacz = { }
terrain_POL_tarnow = { }
terrain_POL_rzeszow = { }
terrain_POL_zamosc = { }

## Belarus / Belarussian - BLR
terrain_minsk = { }
terrain_BLR_grodno = { }
terrain_BLR_lida = { }
terrain_BLR_vaukavysk = { }
terrain_BLR_brest = { }
terrain_BLR_kobryn = { }
terrain_BLR_baranovichi = { }
terrain_BLR_polotsk = { }
terrain_BLR_vitebsk = { }
terrain_BLR_orsha = { }
terrain_BLR_maladzyechna = { }
terrain_BLR_barysaw = { }
terrain_BLR_slutsk = { }
terrain_BLR_soligorsk = { }
terrain_BLR_babruysk = { }
terrain_BLR_mogilev = { }
terrain_BLR_mazyr = { }
terrain_BLR_svetlogorsk = { }
terrain_BLR_zhlobin = { }
terrain_BLR_gomel = { }

## Ukraine - UKR
terrain_kiev = { }
terrain_dnipro = { }
terrain_donestk = { }
terrain_lwow = { }
terrain_sevastpol = { }
terrain_chernivtsi = { }
terrain_odessa = { }
terrain_ivanofrankvisk = { }
terrain_UKR_kovel = { }
terrain_UKR_lutsk = { }
terrain_UKR_rivne = { }
terrain_UKR_chervonohrad = { }
terrain_UKR_drohobych = { }
terrain_UKR_stryi = { }
terrain_UKR_ternopil = { }
terrain_UKR_kolomyia = { }
terrain_UKR_mukachevo = { }
terrain_UKR_khust = { }
terrain_UKR_kelmentsi = { }
terrain_UKR_korosten = { }
terrain_UKR_novohrad_volynskyi = { }
terrain_UKR_shepetivka = { }
terrain_UKR_zhytomyr = { }
terrain_UKR_berdychiv = { }
terrain_UKR_vinnytsia = { }
terrain_UKR_khmelnytskyi = { }
terrain_UKR_kamianets_podilskyi = { }
terrain_UKR_bila_tserkva = { }
terrain_UKR_brovary = { }
terrain_UKR_uman = { }
terrain_UKR_cherkasy = { }
terrain_UKR_kirovohrad = { }
terrain_UKR_pervomaisk = { }
terrain_UKR_yuzhnoukrainsk = { }
terrain_UKR_mykolaiv = { }
terrain_UKR_podilsk = { }
terrain_UKR_izmail = { }
terrain_UKR_bilhorod_dnistrovskyi = { }
terrain_UKR_chernihiv = { }
terrain_UKR_nizhyn = { }
terrain_UKR_pryluky = { }
terrain_UKR_shostka = { }
terrain_UKR_konotop = { }
terrain_UKR_romny = { }
terrain_UKR_sumy = { }
terrain_UKR_okhtyrka = { }
terrain_UKR_lubny = { }
terrain_UKR_kremenchuk = { }
terrain_UKR_poltava = { }
terrain_UKR_nikopol = { }
terrain_UKR_pavlohrad = { }
terrain_UKR_kryvyi_rih = { }
terrain_UKR_kherson = { }
terrain_UKR_nova_kakhovka = { }
terrain_UKR_enerhodar = { }
terrain_UKR_yevpatoria = { }
terrain_UKR_feodosiya = { }
terrain_UKR_kerch = { }
terrain_UKR_kharkiv = { }
terrain_UKR_izium = { }
terrain_UKR_kupiansk = { }
terrain_UKR_zaporizhzhia = { }
terrain_UKR_melitopol = { }
terrain_UKR_bakhmut = { }
terrain_UKR_berdyansk = { }
terrain_UKR_kramatorsk = { }
terrain_UKR_kostiantynivka = { }
terrain_UKR_pokrovsk = { }
terrain_UKR_mariupol = { }
terrain_UKR_severodonetsk = { }
terrain_UKR_alchevsk = { }
terrain_UKR_luhansk = { }
terrain_UKR_dovzhansk = { }

## Transnistria - PMR
terrain_tiraspol = { }

## Moldova - MLV
terrain_kishinev = { }
terrain_komrat = { }
terrain_cahul = { }
terrain_balti = { }

## Romania - ROM
terrain_bucharest = { }
terrain_constanta = { }
terrain_timisoara = { }
terrain_oradea = { }
terrain_iasi = { }
terrain_arad = { }
terrain_baia_mare = { }
terrain_sibiu = { }
terrain_cluj_napoca = { }
terrain_craiova = { }
terrain_galati = { }
terrain_bacau = { }
terrain_brasov = { }
terrain_buzau = { }
terrain_targu_mures = { }
terrain_braila = { }
terrain_botosani = { }
terrain_satu_mare = { }
terrain_ploiesti = { }
terrain_pitesti = { }

## Bulgaria - BUL
terrain_plovdiv = { }
terrain_sofia = { }
terrain_BUL_blagoevgrad = { }
terrain_BUL_pazardzhik = { }
terrain_BUL_pleven = { }
terrain_BUL_ruse = { }
terrain_BUL_mikhaylovka = { }
terrain_BUL_sliven = { }
terrain_BUL_stara_zagora = { }
terrain_BUL_haskovo = { }
terrain_BUL_varna = { }
terrain_BUL_burgas = { }

## Russia / Soviet - SOV
terrain_chelyabinsk = { }
terrain_yekaterinburg = { }
terrain_perm = { }
terrain_irkutsk = { }
terrain_kaliningrad = { }
terrain_kazan = { }
terrain_khabarovsk = { }
terrain_krasnador = { }
terrain_krasnoyarsk = { }
terrain_kursk = { }
terrain_murmansk = { }
terrain_nizhny_novgorod = { }
terrain_novosibirsk = { }
terrain_orel = { }
terrain_rostov = { }
terrain_samara = { }
terrain_saratov = { }
terrain_st_petersburg = { }
terrain_tomsk = { }
terrain_tver = { }
terrain_vladivostok = { }
terrain_volgograd = { }
terrain_voronezh = { }
terrain_yaroslavl = { }
terrain_komsomolsk = { }
terrain_sevastopol_bay = { }
terrain_simferopol = { }

#Checnya - CHE
terrain_grozny = { }



### Balkan / Central Europe ###

## Slovenia - SLV
terrain_ljubljana = { }
terrain_SLV_koper = { }
terrain_SLV_kranj = { }
terrain_SLV_celje = { }
terrain_SLV_maribor = { }

## Croatia - CRO
terrain_zagreb = { }
terrain_CRO_split = { }
terrain_CRO_zadar = { }
terrain_CRO_pula = { }
terrain_CRO_rijeka = { }
terrain_CRO_slavonski_brod = { }
terrain_CRO_osijek = { }
terrain_CRO_dubrovnik = { }

## Bosnia and Herzegovina - BOS
terrain_sarajevo = { }
terrain_BOS_bihac = { }
terrain_BOS_banja_luka = { }
terrain_BOS_mostar = { }
terrain_BOS_zenica = { }
terrain_BOS_tuzla = { }
terrain_BOS_brcko = { }
terrain_BOS_trebinje = { }
terrain_BOS_visegrad = { }
terrain_BOS_bijeljina = { }

## Serbia - SER
terrain_nis = { }
terrain_belgrade = { }
terrain_novi_sad = { }
terrain_SER_subotica = { }
terrain_SER_zrenjanin = { }
terrain_SER_pancevo = { }
terrain_SER_smederevo = { }
terrain_SER_leskovac = { }
terrain_SER_vranje = { }
terrain_SER_sabac = { }
terrain_SER_kragujevac = { }
terrain_SER_krusevac = { }
terrain_SER_novi_pazar = { }

## Montenegro - MNT
terrain_podgorica = { }
terrain_MNT_niksic = { }

## Kosovo - KOS
terrain_pristina = { }
terrain_KOS_prizren = { }

## North Macedonia - FYR
terrain_skopje = { }
terrain_FYR_tetovo = { }
terrain_FYR_bitola = { }
terrain_FYR_kumanovo = { }

## Albania - ALB
terrain_ALB_shkoder = { }
terrain_ALB_tirana = { }
terrain_ALB_vlore = { }
terrain_ALB_korce = { }
terrain_ALB_sarande = { }



### South & Southeast Europe ###

## Italy - ITA
terrain_florence = { }
terrain_venice = { }
terrain_milan = { }
terrain_genoa = { }
terrain_rome = { }
terrain_naples = { }
terrain_palermo = { }
terrain_cagliari = { }
terrain_torino = { }
terrain_bologne = { }
terrain_taranto = { }
terrain_trieste = { }
terrain_ITA_sassari = { }
terrain_ITA_siracusa = { }
terrain_ITA_messina = { }
terrain_ITA_reggio_di_calabria = { }
terrain_ITA_catanzaro = { }
terrain_ITA_potenza = { }
terrain_ITA_lecce = { }
terrain_ITA_bari = { }
terrain_ITA_foggia = { }
terrain_ITA_salerno = { }
terrain_ITA_latina = { }
terrain_ITA_pescara = { }
terrain_ITA_terni = { }
terrain_ITA_perugia = { }
terrain_ITA_ancona = { }
terrain_ITA_grosseto = { }
terrain_ITA_livorno = { }
terrain_ITA_siena = { }
terrain_ITA_arezzo = { }
terrain_ITA_pisa = { }
terrain_ITA_masa = { }
terrain_ITA_rimini = { }
terrain_ITA_ravenna = { }
terrain_ITA_ferrara = { }
terrain_ITA_parma = { }
terrain_ITA_piacenza = { }
terrain_ITA_la_spezia = { }
terrain_ITA_genova = { }
terrain_ITA_sanremo = { }
terrain_ITA_cuneo = { }
terrain_ITA_alessandria = { }
terrain_ITA_novara = { }
terrain_ITA_aosta = { }
terrain_ITA_como = { }
terrain_ITA_bergamo = { }
terrain_ITA_brescia = { }
terrain_ITA_trento = { }
terrain_ITA_bolzano = { }
terrain_ITA_padova = { }
terrain_ITA_udine = { }
terrain_ITA_trieste = { }
terrain_ITA_monte_sirente = { }

## San Marino - SMA
terrain_san_marino = { }

## Vatican - HLS
terrain_vatican = { }

## Malta - MLT
terrain_valletta = { }

## Greece - GRE
terrain_iraklion = { }
terrain_thessaloniki = { }
terrain_GRE_alexandroupolis = { }
terrain_GRE_kavala = { }
terrain_GRE_kilkis = { }
terrain_GRE_katerini = { }
terrain_GRE_corfu = { }
terrain_GRE_ioannina = { }
terrain_GRE_volos = { }
terrain_GRE_larissa = { }
terrain_GRE_agrinion = { }
terrain_GRE_chalkis = { }
terrain_GRE_patras = { }
terrain_GRE_kalamata = { }
terrain_GRE_nsa_souda = { }
terrain_GRE_ermoupolis = { }
terrain_GRE_chios = { }
terrain_GRE_kos = { }
terrain_GRE_rodos = { }

## Turkey / Turkiye / Türkiye - TUR
terrain_adana = { }
terrain_ankara = { }
terrain_antalya = { }
terrain_bursa = { }
terrain_diyarbakir = { }
terrain_izmir = { }
terrain_izmit = { }
terrain_kayseri = { }
terrain_konya = { }
terrain_trabzon = { }
terrain_uskudar = { }
terrain_edirne = { }
terrain_manisa = { }
terrain_kahramanmaras = { }
terrain_malatya = { }
terrain_van = { }
terrain_erzurum = { }
terrain_eskisehir = { }

## Cyprus - CYP
terrain_nicosia = { }
terrain_akrotiri = { }
terrain_famagusta = { }



### Caucasus State ###

## Georgia - GEO
terrain_tbilisi = { }
terrain_sukhumi = { }
terrain_tskhinvali = { }
terrain_batumi = { }
terrain_zugdidi = { }
terrain_kutaisi = { }
terrain_telavi = { }

## Armenia - ARM
terrain_yerevan = { }
terrain_gyumri = { }
terrain_vanadzor = { }
terrain_kapan = { }
terrain_karvachar = { }
terrain_stepanakert = { }
terrain_hadrut = { }

## Azerbaijan - AZE
terrain_baku = { }
terrain_nakhchivan = { }
terrain_ganja = { }
terrain_sheki = { }
terrain_mingechevir = { }
terrain_lankaran = { }
terrain_shirvan = { }
terrain_khachmaz = { }



### Middle East ###

## Syria - SYR
terrain_daraa = { }
terrain_damascus = { }
terrain_deir_ez_zor = { }
terrain_idlib = { }
terrain_homs = { }
terrain_raqqa = { }
terrain_latakia = { }
terrain_tartus = { }
terrain_saraqib = { }
terrain_afrin = { }
terrain_jarabulus = { }
terrain_al_thawrah = { }
terrain_mayadin = { }
terrain_palmyra = { }
terrain_hama = { }
terrain_al_qusayr = { }

## Lebanon - LEB
terrain_tyre = { }
terrain_beirut = { }
terrain_leb_tripoli = { }
terrain_baalbek = { }
terrain_sidon = { }

## Israel - ISR
terrain_haifa = { }
terrain_tel_aviv = { }
terrain_afula = { }
terrain_beer_sheva = { }
terrain_eilat = { }
terrain_golan = { }
terrain_netanya = { }
terrain_ashdod = { }
terrain_east_negev = { }

## Palestine - PAL
terrain_gaza = { }
terrain_ramallah = { }
terrain_hebron = { }

## Jordan - JOR
terrain_amman = { }

## Iraq - IRQ
terrain_erbil = { }
terrain_baghdad = { }
terrain_basrah = { }
terrain_mosul = { }
terrain_karbala = { }
terrain_fallujah = { }
terrain_duhok = { }
terrain_sulaymaniyah = { }
terrain_sinjar = { }
terrain_tal_afar = { }
terrain_kirkuk = { }
terrain_baiji = { }
terrain_tikrit = { }
terrain_samarra = { }
terrain_ramadi = { }
terrain_hillah = { }
terrain_najaf = { }
terrain_diwaniyah = { }
terrain_nasiriyah = { }
terrain_al_shuyukh = { }

## Kuwait - KUW
terrain_kuwait_city = { }
terrain_naval_base = { }

## Saudi Arabia - SAU
terrain_dammam = { }
terrain_jeddah = { }
terrain_riyadh = { }
terrain_meddina = { }
terrain_tabuk = { }
terrain_hail = { }
terrain_buraidah = { }
terrain_hofuf = { }
terrain_al_khali = { }
terrain_najrani_desert = { }

## Bahrain - BHR
terrain_manama = { }
terrain_nsa_bahrain = { }

## Qatar - QAT
terrain_doha = { }

## United Arab Emirates - UAE
terrain_abu_dhabi = { }
terrain_dubai = { }

## Oman - OMA
terrain_muscat = { }

## Yemen - YEM
terrain_aden = { }
terrain_sanaa = { }
terrain_sadah = { }
terrain_al_hudaidah = { }
terrain_taizz = { }
terrain_ibb = { }
terrain_al_mukalla = { }
terrain_al_ghaidah = { }
terrain_ramlat_dahm = { }



### North Africa ###

## Sahrawi - SHA


## Mauritania - MAU
terrain_sahara2 = { }

## Mali - MAL
terrain_bamako = { }
terrain_sahara3 = { }

## Niger - NGR


## Chad - CHA
terrain_ndjamena = { }

## Sudan - SUD
terrain_khartoum = { }
terrain_north_west_sudan = { }
terrain_north_darfur = { }

## Morocco - MOR
terrain_tangier = { }
terrain_casablanca = { }

## Algeria - ALG
terrain_algiers = { }
terrain_sahara1 = { }

## Tunisia - TUN
terrain_tunis = { }

## Libya - LBA
terrain_benghazi = { }
terrain_tripoli = { }
terrain_tobruk = { }
terrain_derna = { }
terrain_marsa_al_brega = { }
terrain_sirte = { }
terrain_misrata = { }
terrain_ghat = { }
terrain_murzuq = { }
terrain_al_jawf = { }
terrain_calansho = { }
terrain_jebel_uweinat = { }

## Egypt - EGY
terrain_alexandria = { }
terrain_cairo = { }
terrain_el_arish = { }
terrain_new_cairo = { }
terrain_giza = { }
terrain_suez = { }
terrain_egyptian_desert = { }



### West Africa ###

## Cabo Verde - VER
terrain_cape_verde = { }

## Senegal - SEN
terrain_dakar = { }

## The Gambia - GAM
terrain_banjul = { }

## Guinea-Bissau - GUB


## Guinea - GUI
terrain_conakry = { }
terrain_siguiri = { }

## Sierra Leone - SIE
terrain_freetown = { }
terrain_kenema = { }

## Liberia - LIB
terrain_zwedru = { }
terrain_monrovia = { }
terrain_zorzor = { }

## Côte d'Ivoire / Ivory Coast - CDI
terrain_abidjan = { }
terrain_yamoussoukro = { }

## Burkina Faso - VFA
terrain_ouagadougou = { }

## Ghana - GHA
terrain_accra = { }

## Togo - TOG


## Benin - BEN


## Nigeria - NIG
terrain_abuja = { }
terrain_kano = { }
terrain_lagos = { }

## Cameroon - CAM
terrain_douala = { }
terrain_yaounde = { }

## Equatorial Guinea - EGU


## São Tomé and Príncipe - SAO




### Central Africa ###

## Central African Republic - CAR

## South Sudan - SSU
terrain_juba = { }

## Uganda - UGA
terrain_kampala = { }

## Rwanda - RWA
terrain_kigali = { }

## Burundi - BUR
terrain_bujumbura = { }

## Tanzania - TNZ
terrain_dar_es_salaam = { }
terrain_kilimanjaro = { }
terrain_mwanza = { }

## Democratic Republic of the Congo / DRC - DRC
terrain_kinshasa = { }
terrain_lubumbashi = { }
terrain_kananga = { }
terrain_kisangani = { }
terrain_mbuji_mayi = { }
terrain_boma = { }
terrain_matadi = { }
terrain_bandundu = { }
terrain_kikwit = { }
terrain_tshikapa = { }
terrain_kolwezi = { }
terrain_likasi = { }
terrain_bukavu = { }
terrain_goma = { }
terrain_bunia = { }

## Republic of the Congo - CNG
terrain_brazzaville = { }

## Gabon - GAB




### Horn of Africa ###

## Eritrea - ERI
terrain_asmara = { }

## Djibouti - DJI
terrain_djibouti = { }
terrain_tadjourah = { }

## Somaliland - SML


## Somalia - SOM
terrain_mogadishu = { }

## Ethiopia - ETH
terrain_addis_ababa = { }
terrain_gondar = { }
terrain_mekelle = { }
terrain_hawassa = { }
terrain_adama = { }
terrain_dire_dawa = { }

## Kenya - KEN
terrain_nairobi = { }



### Southern African ###

## Seychelles - SEY


## Comoros - COM


## Madagascar - MAD
terrain_antananarivo = { }

## Mozambique - MOZ
terrain_maputo = { }

## Malawi - MLW


## Zambia - ZAM
terrain_lusaka = { }

## Zimbabwe - ZIM
terrain_bulawayo = { }
terrain_harare = { }

## Botswana - BOT
terrain_gaborone = { }

## Angola - AGL
terrain_luanda = { }
terrain_huambo = { }

## Namibia - NAM
terrain_windhoek = { }

## Eswatini / Swaziland - SWA
terrain_mbabane = { }

## Lesotho - LES
terrain_maseru = { }

## South Africa - SAF
terrain_cape_town = { }
terrain_durban = { }
terrain_johannesburg = { }
terrain_pretoria = { }



### Central Asia ###

## Kazakhstan - KAZ
terrain_astana = { }
terrain_almaty = { }

## Uzbekistan - UZB
terrain_tashkent = { }
terrain_samarkand = { }

## Turkmenistan - TRK
terrain_ashgabat = { }

## Kyrgyzstan - KYR
terrain_bishkek = { }

## Tajikistan - TAJ


## Afghanistan - TAL / AFG
terrain_kabul = { }
terrain_kandahar = { }
terrain_herat = { }
terrain_ghanzi = { }
terrain_jalalabad = { }
terrain_mazar_i_sharif = { }
terrain_fayzabad = { }


## Iran / Persia - PER
terrain_ahvaz = { }
terrain_isfahan = { }
terrain_mashhad = { }
terrain_shiraz = { }
terrain_tabriz = { }
terrain_tehran = { }
terrain_urmia = { }
terrain_ardabil = { }
terrain_zanjan = { }
terrain_rasht = { }
terrain_qazvin = { }
terrain_karaj = { }
terrain_qom = { }
terrain_yazd = { }
terrain_kerman = { }
terrain_zahedan = { }
terrain_bandar_abbas = { }
terrain_bushehr = { }
terrain_abadan = { }
terrain_khorramabad = { }
terrain_kermanshah = { }
terrain_hamadan = { }
terrain_sanandaj = { }



### South Asia ###

## Pakistan - PAK
terrain_islamabad = { }
terrain_karachi = { }
terrain_lahore = { }
terrain_peshawar = { }

## India - RAJ
terrain_srinagar = { }
terrain_ludhiana = { }
terrain_delhi = { }
terrain_agra = { }
terrain_ahmedabad = { }
terrain_kanpur = { }
terrain_patna = { }
terrain_mumbai = { }
terrain_hyderabad = { }
terrain_bengaluru = { }
terrain_kochi = { }
terrain_chennai = { }
terrain_kolkata = { }

## Nepal - NPM
terrain_mt_everest = { }
terrain_kathmandu = { }

## Bhutan - BHI
terrain_thimphu = { }

## Bangladesh - BAN
terrain_chittagong = { }
terrain_dhaka = { }

## Sri Lanka - SRI
terrain_colombo = { }

## Maldive - MLD
terrain_male = { }

### East Asia ###

## Mongolia - MON
terrain_ulan_bator = { }
terrain_khovd = { }
terrain_erdent = { }
terrain_darkhan = { }

## China - CHI
terrain_macau = { }
terrain_chongqing = { }
terrain_hangzhou = { }
terrain_harbin = { }
terrain_shenzhen = { }
terrain_tianjin = { }
terrain_xiamen = { }
terrain_guangzhou = { }
terrain_chengdu = { }
terrain_zhengzhou = { }
terrain_xining = { }
terrain_xian = { }
terrain_wuxi = { }
terrain_wuhan = { }
terrain_wenzhou = { }
terrain_taiyuan = { }
terrain_shijiazhuang = { }
terrain_shenyang = { }
terrain_qingdao = { }
terrain_nanning = { }
terrain_nanchang = { }
terrain_kunming = { }
terrain_guiyang = { }
terrain_dalian = { }
terrain_changsha = { }
terrain_urumqi = { }
terrain_bengbu = { }
terrain_changde = { }
terrain_jinghong = { }
terrain_panzhiua = { }
terrain_lanzhou = { }
terrain_taizhou = { }
terrain_yiwu = { }
terrain_huaian = { }
terrain_hefei = { }
terrain_xuzhou = { }
terrain_jining = { }
terrain_xinxiang = { }
terrain_handan = { }
terrain_luoyang = { }
terrain_xiaogan = { }
terrain_shantou = { }
terrain_zhangpu = { }
terrain_ningbo = { }
terrain_cixi = { }
terrain_shaoxing = { }
terrain_yancheng = { }
terrain_lianyungang = { }
terrain_yantai = { }
terrain_rongcheng = { }
terrain_dandong = { }
terrain_anshan = { }
terrain_chaoyang = { }
terrain_xilinghot = { }
terrain_qiqihar = { }
terrain_yanji = { }
terrain_changchun = { }
terrain_chifeng = { }
terrain_hohhot = { }
terrain_ordos = { }
terrain_meishan = { }
terrain_luzhou = { }
terrain_lijiang = { }
terrain_lhasa = { }
terrain_korla = { }
terrain_kashgar = { }
terrain_xiangyang = { }
terrain_wenchang = { }
terrain_haikou = { }
terrain_quanzhou = { }
terrain_shuyang = { }
terrain_linyi = { }
terrain_tangshan = { }
terrain_nanjing = { }
terrain_jinan = { }
terrain_changzhou = { }
terrain_zibo = { }
terrain_suzhou = { }
terrain_yangzhou = { }
terrain_yinchuan = { }
terrain_zhuhai = { }
terrain_gerze = { }
terrain_nyima = { }
terrain_golmud = { }

## North Korea - NKO
terrain_pyongyang = { }
terrain_sinuiju = { }
terrain_chosan = { }
terrain_kanggye = { }
terrain_huchang = { }
terrain_kusong = { }
terrain_sunchon = { }
terrain_rason = { }
terrain_chongjin = { }
terrain_hyesan = { }
terrain_kimchaek = { }
terrain_tanchon = { }
terrain_sinpo = { }
terrain_hamhung = { }
terrain_sinchon = { }
terrain_sariwon = { }
terrain_wonsan = { }
terrain_haeju = { }
terrain_kaesong = { }

## South Korea - KOR
terrain_busan = { }
terrain_daegu = { }
terrain_gwangju = { }
terrain_incheon = { }
terrain_seoul = { }
terrain_jeju_island = { }
terrain_liancourt_rocks = { }
terrain_pyeongtaek = { }
terrain_wonju = { }
terrain_chuncheon = { }
terrain_gangneung = { }
terrain_tongchon = { }
terrain_seosan = { }
terrain_cheonan = { }
terrain_daejeon = { }
terrain_cheongju = { }
terrain_jecheon = { }
terrain_jeonju = { }
terrain_mokpo = { }
terrain_yeosu = { }
terrain_andong = { }
terrain_gumi = { }
terrain_jinju = { }
terrain_changwon = { }

## Japan - JAP
terrain_fukuoka = { }
terrain_kyoto = { }
terrain_matsuyama = { }
terrain_naha = { }
terrain_osaka = { }
terrain_sapporo = { }
terrain_sendai = { }
terrain_tokyo = { }
terrain_yokohama = { }
terrain_hiroshima = { }
terrain_kofu = { }
terrain_tsushima = { }
terrain_senkaku = { }

## Taiwan - TAI
terrain_taibei = { }
terrain_keelung = { }
terrain_hualian = { }
terrain_taidong = { }
terrain_kaohsiung = { }
terrain_tainan = { }
terrain_taichung = { }
terrain_nantou = { }
terrain_hsinchu = { }
terrain_taoyuan = { }

## South China Seas - SCS
terrain_SCS_pratas_island = { }
terrain_SCS_parcel_island = { }
terrain_SCS_scarborough = { }
terrain_SCS_taiping_island = { }
terrain_SCS_southwest_cay = { }
terrain_SCS_subi_reef = { }
terrain_SCS_thitu_island = { }
terrain_SCS_nanshan_island = { }
terrain_SCS_mischief_reef = { }
terrain_SCS_commodore_reef = { }
terrain_SCS_collins_reef = { }
terrain_SCS_fiery_cross_reef = { }
terrain_SCS_cuarteron_reef = { }
terrain_SCS_swalow_reef = { }



### Southeast Asia / ASEAN ###

## Myanmar / Burma - BRM
terrain_yangon = { }
terrain_myitkyina = { }
terrain_pangkham = { }
terrain_taunggyi = { }
terrain_lashio = { }
terrain_mandalay = { }
terrain_monywa = { }
terrain_naypyidaw = { }
terrain_sittwe = { }
terrain_pathein = { }

## Thailand - SIA
terrain_bangkok = { }
terrain_chiang_mai = { }
terrain_udon_thani = { }
terrain_khon_kaen = { }
terrain_nakhon_ratchasima = { }
terrain_pattaya = { }
terrain_surat_thani = { }
terrain_hat_yai = { }

## Laos - LAO
terrain_vientiane = { }

## Cambodia - CBD
terrain_phnom_penh = { }
terrain_siem_reap = { }
terrain_battabang = { }
terrain_sihanoukville = { }

## Vietnam - VIE
terrain_hanoi = { }
terrain_ho_chi_minh = { }
terrain_lao_cai = { }
terrain_ha_long = { }
terrain_haipong = { }
terrain_vinh = { }
terrain_da_nang = { }
terrain_quy_nhon = { }
terrain_nha_trang = { }
terrain_long_xuyen = { }

## Philiphine - PHI
terrain_manila = { }
terrain_baguio = { }
terrain_dagupan = { }
terrain_batangas = { }
terrain_cebu = { }
terrain_davao = { }
terrain_cotabato = { }
terrain_zamboanga = { }

## Malaysia - MAY
terrain_kuala_lumpur = { }
terrain_kota_bharu = { }
terrain_ipoh = { }
terrain_kuantan = { }
terrain_batu_pahat = { }
terrain_johor_baru = { }
terrain_kuching = { }
terrain_kota_kinabilu = { }
terrain_sandakan = { }
terrain_tawau = { }

## Singapore - SIN

## Brunei - BRU
terrain_bandar_seri_begawan = { }

## Indonesia - IND
terrain_jakarta = { }
terrain_surabaya = { }
terrain_aceh = { }
terrain_ambon = { }
terrain_balikpapan = { }
terrain_bandar_lampung = { }
terrain_bandung = { }
terrain_banjarmasin = { }
terrain_batam = { }
terrain_bogor = { }
terrain_denpasar = { }
terrain_jayapura = { }
terrain_makassar = { }
terrain_malang = { }
terrain_manado = { }
terrain_medan = { }
terrain_natuna = { }
terrain_nusantara = { }
terrain_padang = { }
terrain_palembang = { }
terrain_pekanbaru = { }
terrain_pontianak = { }
terrain_samarinda = { }
terrain_semarang = { }
terrain_surakarta = { }
terrain_ternate = { }
terrain_yogyakarta = { }
terrain_biak = { }
terrain_sorong = { }
terrain_timika = { }
terrain_merauke = { }
terrain_jambi = { }
terrain_bengkulu = { }
terrain_wamena = { }
terrain_kupang = { }
terrain_serang = { }
terrain_sukabumi = { }
terrain_cirebon = { }
terrain_palangkaraya = { }
terrain_bukittinggi = { }
terrain_pohang = { }
terrain_mataram = { }
terrain_bima = { }
terrain_kediri = { }
terrain_tasikmalaya = { }
terrain_purwakarta = { }

## Timor-Leste - TIM
terrain_dili = { }



### Australia & Oceania ###

## Australia - AST
terrain_adelaide = { }
terrain_brisbane = { }
terrain_canberra = { }
terrain_darwin = { }
terrain_melbourne = { }
terrain_perth = { }
terrain_sydney = { }
terrain_mt_uluru = { }
terrain_christmas_island = { }
terrain_cocos_island = { }

## New Zealand - NZL
terrain_auckland = { }
terrain_wellington = { }

## Papua New Guinea - PAP
terrain_port_moresby = { }

## Palau - PAU
terrain_ngerulmud = { }

## Micronesia - MIC
terrain_palikir = { }

## Marshall Island - MAR
terrain_majuro = { }

## Nauru - NAU
terrain_nauru = { }

## Kiribati - KIR
terrain_tarawa = { }

## Solomon Island - SOL
terrain_honiara = { }

## Tuvalu - TUL
terrain_funafuti = { }

## Vanuatu - VAN
terrain_port_vila = { }

## Fiji - FIJ
terrain_suva = { }

## Samoa - SAM
terrain_apia = { }

## Tonga - TON
terrain_nukualofa = { }



# Author(s): BirdyBoi
# --------------------
# Reordering Code: BlackSyX
# This is 3 of 4 files to modify the terrain photo.
# Country order/sort by of countries based on regions starting from North America to Oceania
#
# Happy Coding!
#
# © Millenium Dawn 2016-2025

#Template for future project

### North America ###

## Canada - CAN

## United State of America - USA

## Mexico - MEX




### Caribbean ###

## Antigua & Barbuda - ANT

## Bahamas - BAH

## Cuba - CUB

## Jamaica - JAM

## Haiti - HAI

## Dominica Republic - DOM

## St Kitts & Nevis - STK

## Dominica - DMI

## St Lucia - STL

## St Vincent and the Grenadines - STV

## Barbados - BAR

## Grenada - GRA

## Trinidad and Tobago - TRI




### Central America ###

## Belize - BLZ

## Guatemala - GUA

## El Salvador - ELS

## Honduras - HON

## Nicaragua - NIC

## Costa Rica - COS

## Panama - PAN




### South America ###

## Colombia - COL

## Venezuela - VEN

## Guyana - GUY

## Suriname - SUR

## French Guiana - FRA

## Ecuador - ECU

## Peru - PRU

## Bolivia - BOL

## Paraguay - PAR

## Brazil - BRA

## Uruguay - URG

## Argentina - ARG

## Chile - CHL




### Scandinavia / North Europe ###

## Greenland - GRN

## Iceland - ICE

## Denmark - DEN

## Norway - NOR

## Sweden - SWE

## Finland / Finnish / Suomi - FIN




### Iberian ###

## Portugal / Portuguese - POR

## Spain / Espanola - SPR

## Andorra - ADO




### West Europe ###

## Ireland

## United Kingdom / England / English - ENG

## France / République Française / French - FRA

## Germany / Deutschland - GER

## Monaco - MNC




### Benelux ###

## Belgium - BEL

## Luxembourg - LUX

## Netherlands - HOL




### Alpine Region ###

## Switzerland - SWI

## Liechtenstein - LIC

## Austria - AUS




### Baltic Region ###

## Estonia - EST

## Latvia - LAT

## Lithuania - LIT




### East Europe ###

## Czechia - CZE

## Slovakia - SLO

## Hungary - HUN

## Poland - POL

## Ukraine - UKR

## Transnistria - PMR

## Moldova - MLV

## Romania - ROM

## Bulgaria - BUL

## Russia / Soviet - SOV




### Balkan / Central Europe ###

## Slovenia - SLV

## Croatia - CRO

## Bosnia and Herzegovina - BOS

## Serbia - SER

## Montenegro - MNT

## Kosovo - KOS

## North Macedonia - FYR

## Albania - ALB




### South & Southeast Europe ###

## Italy - ITA

## San Marino - SMA

## Vatican - HLS

## Malta - MLT

## Greece - GRE

## Turkey / Turkiye / Türkiye - TUR

## Cyprus - CYP




### Caucasus State ###

## Georgia - GEO

## Armenia - ARM

## Azerbaijan - AZE




### Middle East ###

## Syria - SYR

## Lebanon - LEB

## Israel - ISR

## Palestine - PAL

## Jordan - JOR

## Iraq - IRQ

## Kuwait - KUW

## Saudi Arabia - SAU

## Bahrain - BHR

## Qatar - QAT

## United Arab Emirates - UAE

## Oman - OMA

## Yemen - YEM




### North Africa ###

## Sahrawi - SHA

## Mauritania - MAU

## Mali - MAL

## Niger - NGR

## Chad - CHA

## Sudan - SUD

## Morocco - MOR

## Algeria - ALG

## Tunisia - TUN

## Libya - LBA

## Egypt - EGY




### West Africa ###

## Cabo Verde - VER

## Senegal - SEN

## The Gambia - GAM

## Guinea-Bissau - GUB

## Guinea - GUI

## Sierra Leone - SIE

## Liberia - LIB

## Côte d'Ivoire / Ivory Coast - CDI

## Burkina Faso - VFA

## Ghana - GHA

## Togo - TOG

## Benin - BEN

## Nigeria - NIG

## Cameroon - CAM

## Equatorial Guinea - EGU




### Central Africa ###

## Central African Republic - CAR

## South Sudan - SSU

## Uganda - UGA

## Rwanda - RWA

## Burundi - BUR

## Tanzania - TNZ

## Democratic Republic of the Congo / DRC - DRC

## Republic of the Congo - CNG

## Gabon - GAB




### Horn of Africa ###

## Eritrea - ERI

## Djibouti - DJI

## Somaliland - SML

## Somalia - SOM

## Ethiopia - ETH

## Kenya - KEN




### Southern African ###

## Seychelles - SEY

## Comoros - COM

## Mauritius - MRT

## Madagascar - MAD

## Mozambique - MOZ

## Malawi - MLW

## Zambia - ZAM

## Zimbabwe - ZIM

## Botswana - BOT

## Angola - AGL

## Namibia - NAM

## Eswatini / Swaziland - SWA

## Lesotho - LES

## South Africa - SAF




### Central Asia ###

## Kazakhstan - KAZ

## Uzbekistan - UZB

## Turkmenistan - TRK

## Kyrgyzstan - KYR

## Tajikistan - TAJ

## Afganistan - TAL / AFG

## Iran / Persia - PER




### South Asia ###

## Pakistan - PAK

## India - RAJ

## Nepal - NPM

## Bhutan - BHI

## Bangladesh - BAN

## Sri Lanka - SRI

## Maldive - MLD


### East Asia ###

## Mongolia - MON

## China - CHI

## North Korea - NKO

## South Korea - KOR

## Japan - JAP

## Taiwan - TAI




### Southeast Asia / ASEAN ###

## Myanmar / Burma - BRM

## Thailand - SIA

## Laos - LAO

## Cambodia - CBD

## Vietnam - VIE

## Philiphine - PHI

## Malaysia - MAY

## Singapore - SIN

## Brunei - BRU

## Indonesia - IND

## Timor-Leste - TIM




### Australia & Oceania ###

## Australia - AST

## New Zealand - NZL

## Papua New Guinea - PAP

## Palau - PAU

## Micronesia - MIC

## Marshall Island - MAR

## Nauru - NAU

## Kiribati - KIR

## Solomon Island - SOL

## Tuvalu - TUL

## Vanuatu - VAN

## Fiji - FIJ

## Samoa - SAM

## Tonga - TON
