l_german:
 terrain_chicago_illinois: "Chicago, Vereinigte Staaten"
 terrain_berlin: "Berlin, Deutschland"
 terrain_aleppo_citadel_syria: "Aleppo, Syrien"
 terrain_jerusalem: "Jerusalem, Umstritten"
 terrain_mecca: "Mekka, Saudi-Arabien"
 terrain_paris: "Paris, Frankreich"
 terrain_rio_de_janiero: "Rio de Janiero, Brasilien"
 terrain_lisbon: "Lissabon, Portugal"
 terrain_london: "London, UK"
 terrain_moscow: "Moskau, Russland"
 terrain_hong_kong: "Hongkong, China"
 terrain_singapore: "Singapur"
 terrain_shanghai: "Shanghai, China"
 terrain_fuzhou: "Fuzhou, China"
 terrain_beijing: "Peking, China"
 terrain_athens: "Athen, Griechenland"
 terrain_istanbul: "Istanbul, Türkei"
 terrain_buenos_aires: "Buenos Aires, Argentinien"
 terrain_cordoba: "Cordoba, Argentinien"
 terrain_yerevan: "Eriwan, Armenien"
 terrain_adelaide: "Adelaide, Australien"
 terrain_brisbane: "Brisbane, Australien"
 terrain_canberra: "Canberra, Australien"
 terrain_melbourne: "Melbourne, Australien"
 terrain_perth: "Perth, Australien"
 terrain_sydney: "Sydney, Australien"
 terrain_mt_uluru: "Berg Uluru, Australien"
 terrain_vienna: "Wien, Österreich"
 terrain_graz: "Graz, Österreich"
 terrain_baku: "Baku, Aserbaidschan"
 terrain_manama: "Manama, Bahrain"
 terrain_nsa_bahrain: "Bahrain"
 terrain_chittagong: "Chittagong, Bangladesch"
 terrain_dhaka: "Dhaka, Bangladesch"
 terrain_brussels: "Brüssel, Belgien"
 terrain_belmopan: "Belmopan, Belize"
 terrain_la_paz: "La Paz, Bolivien"
 terrain_plovdiv: "Plovdiv, Bulgarien"
 terrain_sofia: "Sofia, Bulgarien"
 terrain_brasilia: "Brasilia, Brasilien"
 terrain_fortaleza: "Fortaleza, Brasilien"
 terrain_manaus: "Manaus, Brasilien"
 terrain_porto_algre: "Porto Alegre, Brasilien"
 terrain_recife: "Recife, Brasilien"
 terrain_salvador: "Salvador, Brasilien"
 terrain_sao_jose_dos_campos: "Sao Jose dos Campos, Brasilien"
 terrain_sao_paulo: "Sao Paulo, Brasilien"
 terrain_ouagadougou: "Ouagadougou, Burkina Faso"
 terrain_bujumbura: "Bujumbura, Burundi"
 terrain_douala: "Douala, Kamerun"
 terrain_yaounde: "Yaoundé, Kamerun"
 terrain_montreal: "Montreal Kanada"
 terrain_ottawa: "Ottawa, Kanada"
 terrain_quebec: "Quebec, Kanada"
 terrain_toronto: "Toronto Kanada"
 terrain_vancouver: "Vancouver, Kanada"
 terrain_victoria: "Victoria, Kanada"
 terrain_hamilton: "Hamilton, Kanada"
 terrain_phnom_penh: "Phnom Penh, Kambodscha"
 terrain_ndjamena: "Ndjamena, Tschad"
 terrain_chongqing: "Chongqing, China"
 terrain_hangzhou: "Hangzhou, China"
 terrain_harbin: "Harbin, China"
 terrain_shenzhen: "Shenzhen, China"
 terrain_tianjin: "Tianjin, China"
 terrain_xiamen: "Xiamen, China"
 terrain_guangzhou: "Guangzhou, China"
 terrain_chengdu: "Chengdu, China"
 terrain_zhengzhou: "Zhengzhou, China"
 terrain_xining: "Xining, China"
 terrain_xian: "Xi`an, China"
 terrain_wuxi: "Wuxi, China"
 terrain_wuhan: "Wuhan, China"
 terrain_wenzhou: "Wenzhou, China"
 terrain_taiyuan: "Taiyuan, China"
 terrain_shijiazhuang: "Shjiazhuang, China"
 terrain_shenyang: "Shenyang, China"
 terrain_qingdao: "Qingdao, China"
 terrain_nanning: "Nanning, China"
 terrain_nanchang: "Nanchang, China"
 terrain_kunming: "Kunming, China"
 terrain_guiyang: "Guiyang, China"
 terrain_dalian: "Dalian, China"
 terrain_changsha: "Changsha, China"
 terrain_urumqi: "Urumqi, China"
 terrain_bengbu: "Bengbu, China"
 terrain_changde: "Changde, China"
 terrain_jinghong: "Jinghong, China"
 terrain_panzhiua: "Panzhihua, China"
 terrain_lanzhou: "Lanzhou, China"
 terrain_taizhou: "Taizhou, China"
 terrain_yiwu: "Yiwu, China"
 terrain_huaian: "Huaian, China"
 terrain_hefei: "Hefei, China"
 terrain_xuzhou: "Xuzhou, China"
 terrain_jining: "Jining, China"
 terrain_xinxiang: "Xinxiang, China"
 terrain_handan: "Handan, China"
 terrain_luoyang: "Luoyang, China"
 terrain_xiaogan: "Xiaogan, China"
 terrain_shantou: "Shantou, China"
 terrain_zhangpu: "Zhangpu, China"
 terrain_ningbo: "Ningbo, China"
 terrain_cixi: "Cixi, China"
 terrain_shaoxing: "Shaoxing, China"
 terrain_yancheng: "Yancheng, China"
 terrain_lianyungang: "Lianyungang, China"
 terrain_yantai: "Yantai, China"
 terrain_rongcheng: "Rongcheng, China"
 terrain_dandong: "Dandong, China"
 terrain_anshan: "Anshan, China"
 terrain_chaoyang: "Chaoyang, China"
 terrain_xilinghot: "Xilinghot, China"
 terrain_qiqihar: "Qiqihar, China"
 terrain_yanji: "Yanji,China"
 terrain_changchun: "Changchun, China"
 terrain_chifeng: "Chifeng, China"
 terrain_hohhot: "Hohhot, China"
 terrain_ordos: "Ordos, China"
 terrain_meishan: "Meishan, China"
 terrain_luzhou: "Luzhou, China"
 terrain_lijiang: "Lijiang, China"
 terrain_lhasa: "Lhasa, China"
 terrain_korla: "Korla, China"
 terrain_kashgar: "Kashgar, China"
 terrain_xiangyang: "Xiangyang, China"
 terrain_wenchang: "Wenchang, China"
 terrain_haikou: "Haikou, China"
 terrain_quanzhou: "Quanzhou, China"
 terrain_shuyang: "Shuyang, China"
 terrain_linyi: "Linyi, China"
 terrain_tangshan: "Tangshan, China"
 terrain_nanjing: "Nanjing, China"
 terrain_jinan: "Jinan, China"
 terrain_changzhou: "Changzhou, China"
 terrain_zibo: "Zibo, China"
 terrain_santiago: "Santiago, Chile"
 terrain_bogota: "Bogota Kolumbien"
 terrain_barranquilla: "Barranquilla, Kolumbien"
 terrain_medellin: "Medellín, Kolumbien"
 terrain_brazzaville: "Brazzaville, Kongo"
 terrain_san_jose: "San Jose, Costa Rica"
 terrain_abidjan: "Abidjan, Elfenbeinküste"
 terrain_yamoussoukro: "Yamoussoukro, Elfenbeinküste"
 terrain_havana: "Havanna, Kuba"
 terrain_zagreb: "Zagreb, Kroatien"
 terrain_prague: "Prag, Tschechien"
 terrain_ostrava: "Ostrava, Tschechien"
 terrain_brno: "Brünn, Tschechien"
 terrain_copenhagen: "Kopenhagen, Dänemark"
 terrain_santo_domingo: "Santo Domingo, Dominikanische Republik"
 terrain_kinshasa: "Kinshasa Demokratische Republik Kongo"
 terrain_lubumbashi: "Lubumbashi, Demokratische Republik Kongo"
 terrain_kananga: "Kananga, Demokratische Republik Kongo"
 terrain_kisangani: "Kisangani, Demokratische Republik Kongo"
 terrain_mbuji_mayi: "Mbuji Mayi, Demokratische Republik Kongo"
 terrain_quito: "Quito, Ecuador"
 terrain_guayaquil: "Guayaquil, Ecuador"
 terrain_alexandria: "Alexandria, Ägypten"
 terrain_cairo: "Kairo, Ägypten"
 terrain_giza: "Giza, Ägypten"
 terrain_san_salvador: "San Salvador, El Salvador"
 terrain_tallinn: "Tallinn, Estland"
 terrain_asmara: "Asmara, Eritrea"
 terrain_addis_ababa: "Addis Abeba, Äthiopien"
 terrain_helsinki: "Helsinki, Finnland"
 terrain_turku: "Turku, Finnland"
 terrain_lyon: "Lyon, Frankreich"
 terrain_nantes: "Nantes, Frankreich"
 terrain_bordeaux: "Bordeaux, Frankreich"
 terrain_lille: "Lille, Frankreich"
 terrain_marseille: "Marseille, Frankreich"
 terrain_nice: "Nice, Frankreich"
 terrain_rouen: "Rouen, Frankreich"
 terrain_strasbourg: "Straßburg, Frankreich"
 terrain_toulouse: "Toulouse, Frankreich"
 terrain_versailles: "Versailles, Frankreich"
 terrain_bremen: "Bremen, Deutschland"
 terrain_dortmund: "Dortmund, Deutschland"
 terrain_dresden: "Dresden, Deutschland"
 terrain_essen: "Essen, Deutschland"
 terrain_frankfurt: "Frankfurt, Deutschland"
 terrain_hamburg: "Hamburg, Deutschland"
 terrain_hannover: "Hannover, Deutschland"
 terrain_kiel: "Kiel, Deutschland"
 terrain_koln: "Köln, Deutschland"
 terrain_munchen: "München, Deutschland"
 terrain_nurnberg: "Nürnberg, Deutschland"
 terrain_rostock: "Rostock, Deutschland"
 terrain_stuttgart: "Stuttgart, Deutschland"
 terrain_chemnitz: "Chemnitz, Deutschland"
 terrain_magdeburg: "Magdeburg, Deutschland"
 terrain_dusseldorf: "Düsseldorf, Deutschland"
 terrain_port_au_prince: "Port-au-Prince, Haiti"
 terrain_den_haag: "Den Haag, Niederlande"
 terrain_amsterdam: "Amsterdam, Niederlande"
 terrain_rotterdam: "Rotterdam, Niederlande"
 terrain_antwerp: "Antwerpen, Niederlande"
 terrain_breda: "Breda, Niederlande"
 terrain_skopje: "Skopje, Nordmazedonien"
 terrain_banjul: "Banjul, Gambia"
 terrain_accra: "Accra, Ghana"
 terrain_iraklion: "Iraklion, Griechenland"
 terrain_thessaloniki: "Thessaloniki, Griechenland"
 terrain_guatamela_city: "Stadt Guatamela, Guatemala"
 terrain_tbilisi: "Tiflis, Georgien"
 terrain_budapest: "Budapest, Ungarn"
 terrain_szeged: "Szeged, Ungarn"
 terrain_debrecen: "Debrecen, Hungary"
 terrain_ahvaz: "Ahvaz, Iran"
 terrain_isfahan: "Isfahan, Iran"
 terrain_mashhad: "Maschhad, Iran"
 terrain_shiraz: "Shiraz, Iran"
 terrain_tabriz: "Täbris, Iran"
 terrain_tehran: "Teheran, Iran"
 terrain_baghdad: "Baghdad, Irak"
 terrain_basrah: "Basra, Irak"
 terrain_mosul: "Mosul, Irak"
 terrain_karbala: "Kerbela, Irak"
 terrain_fallujah: "Falludscha, Irak"
 terrain_dublin: "Dublin, Irland"
 terrain_haifa: "Haifa, Israel"
 terrain_tel_aviv: "Tel Aviv, Israel"
 terrain_florence: "Florenz, Italien"
 terrain_venice: "Venedig, Italien"
 terrain_milan: "Mailand, Italien"
 terrain_genoa: "Genua, Italien"
 terrain_rome: "Rom, Italien"
 terrain_naples: "Neapel, Italien"
 terrain_vatican: "Vatikanstadt"
 terrain_palermo: "Palermo, Italien"
 terrain_cagilari: "Cagliari, Italien"
 terrain_torino: "Turin, Italien"
 terrain_bologne: "Bologna, Italien"
 terrain_taranto: "Tarent, Italien"
 terrain_trieste: "Triest, Italien"
 terrain_srinagar: "Srinagar, Indien"
 terrain_ludhiana: "Ludhiana, Indien"
 terrain_delhi: "Delhi, Indien"
 terrain_agra: "Agra, Indien"
 terrain_ahmedabad: "Ahmedabad, Indien"
 terrain_kanpur: "Kanpur, Indien"
 terrain_patna: "Patna, Indien"
 terrain_mumbai: "Mumbai, Indien"
 terrain_hyderabad: "Hyderabad, Indien"
 terrain_bengaluru: "Bengaluru, Indien"
 terrain_kochi: "Kochi, Indien"
 terrain_chennai: "Chennai, Indien"
 terrain_kolkata: "Kalkutta, Indien"
 terrain_jakarta: "Jakarta, Indonesien"
 terrain_surabaya: "Surabaya, Indonesien"
 terrain_kingston: "Kingston, Jamaika"
 terrain_fukuoka: "Fukuoka, Japan"
 terrain_kyoto: "Kyoto, Japan"
 terrain_matsuyama: "Matsuyama, Japan"
 terrain_naha: "Naha, Japan"
 terrain_osaka: "Osaka, Japan"
 terrain_sapporo: "Sapporo, Japan"
 terrain_sendai: "Sendai, Japan"
 terrain_tokyo: "Tokyo, Japan"
 terrain_yokohama: "Yokohama, Japan"
 terrain_hiroshima: "Hiroshima, Japan"
 terrain_amman: "Amman, Jordanien"
 terrain_astana: "Astana, Kasachstan"
 terrain_almaty: "Almaty, Kasachstan"
 terrain_nairobi: "Nairobi, Kenia"
 terrain_erbil: "Erbil, Kurdistan"
 terrain_kuwait_city: "Kuwait-Stadt, Kuwait"
 terrain_bishkek: "Bischkek, Kirgisistan"
 terrain_riga: "Riga, Lettland"
 terrain_vientiane: "Vientiane, Laos"
 terrain_beirut: "Beirut, Libanon"
 terrain_benghazi: "Bengasi, Libyen"
 terrain_tripoli: "Tripolis, Lybien"
 terrain_vilnius: "Vilnius, Litauen"
 terrain_kaunas: "Kaunas, Litauen"
 terrain_klaipeda: "Klaipeda, Litauen"
 terrain_siauliai: "Siauliai, Litauen"
 terrain_luxembourg_city: "Luxemburg-Stadt, Luxemburg"
 terrain_macau: "Macau, China"
 terrain_antananarivo: "Antananarivo, Madagaskar"
 terrain_kuala_lumpur: "Kuala Lumpur, Malaysia"
 terrain_bamako: "Bamako, Mali"
 terrain_mexico_city: "Mexiko-Stadt, Mexiko"
 terrain_guadalajara: "Guadalajara, Mexiko"
 terrain_monterrey: "Monterrey, Mexiko"
 terrain_tijuana: "Tijuana, Mexiko"
 terrain_mexicali: "Mexicali, Mexiko"
 terrain_kishinev: "Kischinjow, Moldawien"
 terrain_komrat: "Komrat, Moldawien"
 terrain_cahul: "Cahul, Moldawien"
 terrain_balti: "Balti, Moldawien"
 terrain_monaco: "Monaco"
 terrain_ulan_bator: "Ulan Bator, Mongolei"
 terrain_khovd: "Chowd, Mongolei"
 terrain_erdent: "Erdent, Mongolei"
 terrain_darkhan: "Darkhan, Mongolei"
 terrain_podgorica: "Podgorica, Montenegro"
 terrain_tangier: "Tanger, Marokko"
 terrain_casablanca: "Casablanca, Marokko"
 terrain_maputo: "Maputo, Mosambik"
 terrain_yangon: "Yangon, Myanmar"
 terrain_windhoek: "Windhoek, Namibia"
 terrain_mt_everest: "Mount Everest, Nepal"
 terrain_auckland: "Auckland, Neuseeland"
 terrain_wellington: "Wellington, Neuseeland"
 terrain_managua: "Managua, Nicaragua"
 terrain_abuja: "Abuja, Nigeria"
 terrain_kano: "Kano, Nigeria"
 terrain_lagos: "Lagos, Nigeria"
 terrain_oslo: "Oslo, Norwegen"
 terrain_bergen: "Bergen, Norwegen"
 terrain_pyongyang: "Pjöngjang, Nordkorea"
 terrain_muscat: "Maskat, Oman"
 terrain_asuncion: "Asunción, Paraguay"
 terrain_islamabad: "Islamabad, Pakistan"
 terrain_karachi: "Karachi, Pakistan"
 terrain_lahore: "Lahore, Pakistan"
 terrain_peshawar: "Peshawar, Pakistan"
 terrain_gaza: "Gaza, Palästina"
 terrain_panama_city: "Panama-Stadt, Panama"
 terrain_lima: "Lima, Peru"
 terrain_manila: "Manila, Philippinen"
 terrain_warsaw: "Warschau, Polen"
 terrain_gdansk: "Danzig, Polen"
 terrain_bialystok: "Bialystok, Polen"
 terrain_bydgoszcz: "Bydgoszcz, Polen"
 terrain_czestochowa: "Tschenstochau, Polen"
 terrain_katowice: "Kattowitz, Polen"
 terrain_krakow: "Krakau, Polen"
 terrain_lodz: "Lodz, Polen"
 terrain_lublin: "Lublin, Polen"
 terrain_poznan: "Posen, Polen"
 terrain_szczecin: "Stettin, Polen"
 terrain_wroclaw: "Breslau, Polen"
 terrain_slupsk: "Slupsk, Polen"
 terrain_elblag: "Elblag, Polen"
 terrain_olsztyn: "Olsztyn, Polen"
 terrain_suwalki: "Suwalki, Polen"
 terrain_torun: "Thorn, Polen"
 terrain_plock: "Plock, Polen"
 terrain_wloclawek: "Wlocławek, Polen"
 terrain_gorzow: "Gorzów, Polen"
 terrain_siedlce: "Siedlce, Polen"
 terrain_algarve: "Algarve, Portugal"
 terrain_porto: "Porto, Portugal"
 terrain_doha: "Doha, Katar"
 terrain_bucharest: "Bukarest, Rumänien"
 terrain_constanta: "Constanta, Rumänien"
 terrain_timisoara: "Timisoara, Rumänien"
 terrain_oradea: "Oradea, Rumänien"
 terrain_iasi: "Iasi, Rumänien"
 terrain_arad: "Arad, Rumänien"
 terrain_baia_mare: "Baia Mare, Rumänien"
 terrain_sibiu: "Sibiu, Rumänien"
 terrain_cluj_napoca: "Cluj-Napoca, Rumänien"
 terrain_craiova: "Craiova, Rumänien"
 terrain_galati: "Galati, Rumänien"
 terrain_bacau: "Bacau, Rumänien"
 terrain_brasov: "Brasov, Rumänien"
 terrain_buzau: "Buzau, Rumänien"
 terrain_targu_mures: "Targu Mures, Rumänien"
 terrain_braila: "Braila, Rumänien"
 terrain_botosani: "Botosani, Rumänien"
 terrain_satu_mare: "Satu Mare, Rumänien"
 terrain_ploiesti: "Ploiesti, Rumänien"
 terrain_pitesti: "Pitesti, Rumänien"
 terrain_chelyabinsk: "Tscheljabinsk, Russland"
 terrain_yekaterinburg: "Jekaterinburg, Russland"
 terrain_perm: "Perm, Russland"
 terrain_irkutsk: "Irkutsk, Russland"
 terrain_kaliningrad: "Kaliningrad, Russland"
 terrain_kazan: "Kasan, Russland"
 terrain_khabarovsk: "Chabarowsk, Russland"
 terrain_krasnador: "Krasnador, Russland"
 terrain_krasnoyarsk: "Krasnojarsk, Russland"
 terrain_kursk: "Kursk, Russland"
 terrain_murmansk: "Murmansk, Russland"
 terrain_nizhny_novgorod: "Nischni Nowgorod, Russland"
 terrain_novosibirsk: "Nowosibirsk, Russland"
 terrain_orel: "Orel, Russland"
 terrain_rostov: "Rostow, Russland"
 terrain_samara: "Samara, Russland"
 terrain_saratov: "Saratow, Russland"
 terrain_st_petersburg: "Sankt Petersburg, Russland"
 terrain_tomsk: "Tomsk, RussiaTomsk, Russland"
 terrain_tver: "Twer, Russland"
 terrain_vladivostok: "Wladiwostok, Russland"
 terrain_volgograd: "Wolgograd, Russland"
 terrain_voronezh: "Woronesch, Russland"
 terrain_yaroslavl: "Jaroslawl, Russland"
 terrain_komsomolsk: "Komsomolsk, Russland"
 terrain_kigali: "Kigali, Ruanda"
 terrain_dammam: "Dammam, Saudi-Arabien"
 terrain_jeddah: "Jeddah, Saudi Arabien"
 terrain_riyadh: "Riad, Saudi-Arabien"
 terrain_dakar: "Dakar, Senegal"
 terrain_nis: "Niš, Serbien"
 terrain_belgrade: "Belgrad, Serbien"
 terrain_novi_sad: "Novi Sad, Serbien"
 terrain_sarajevo: "Sarajevo, Serbien"
 terrain_bratislava: "Bratislava, Slowakei"
 terrain_kosice: "Kosice, Slowakei"
 terrain_ljubljana: "Ljubljana, Slowenien"
 terrain_cape_town: "Kapstadt, Süd Afrika"
 terrain_durban: "Durban, Südafrika"
 terrain_johannesburg: "Johannesburg, Südafrika"
 terrain_pretoria: "Pretoria, Südafrika"
 terrain_juba: "Juba, Südsudan"
 terrain_barcelona: "Barcelona, ​​Spanien"
 terrain_bilbao: "Bilbao, Spanien"
 terrain_ceuta: "Ceuta, Spanien"
 terrain_granada: "Granada, Spanien"
 terrain_madrid: "Madrid, Spanien"
 terrain_malaga: "Málaga, Spanien"
 terrain_melilla: "Melilla, Spanien"
 terrain_murcia: "Murcia, Spanien"
 terrain_sevilla: "Sevilla, Spanien"
 terrain_valencia: "Valencia, Spanien"
 terrain_zaragoza: "Saragossa, Spanien"
 terrain_colombo: "Colombo, Sri Lanka"
 terrain_mogadishu: "Mogadischu, Somalia"
 terrain_khartoum: "Khartoum, Sudan"
 terrain_malmo: "Malmö, Schweden"
 terrain_goteborg: "Göteborg, Schweden"
 terrain_stockholm: "Stockholm, Schweden"
 terrain_basel: "Basel, Schweiz"
 terrain_geneve: "Genf, Schweiz"
 terrain_zurich: "Zürich, Schweiz"
 terrain_daraa: "Daraa, Syrien"
 terrain_damascus: "Damaskus, Syrien"
 terrain_deir_ez_zor: "Deir ez Zor, Syrien"
 terrain_idlib: "Idlib, Syrien"
 terrain_homs: "Homs, Syrien"
 terrain_raqqa: "Raqqa, Syrien"
 terrain_dar_es_salaam: "Daressalam, Tansania"
 terrain_kilimanjaro: "Kilimandscharo, Tansania"
 terrain_mwanza: "Mwanza, Tansania"
 terrain_bangkok: "Bangkok, Thailand"
 terrain_taibei: "Taipei, Taiwan"
 terrain_tunis: "Tunis, Tunesien"
 terrain_tiraspol: "Tiraspol, Transnistrien"
 terrain_adana: "Adana, Türkei"
 terrain_ankara: "Ankara, Türkei"
 terrain_antalya: "Antalya, Türkei"
 terrain_bursa: "Bursa, Türkei"
 terrain_diyarbakir: "Diyarbakir, Türkei"
 terrain_izmir: "Izmir, Türkei"
 terrain_izmit: "Izmit, Türkei"
 terrain_kayseri: "Kayseri, Türkei"
 terrain_konya: "Konya, Türkei"
 terrain_trabzon: "Trabzon, Türkei"
 terrain_uskudar: "Üsküdar, Türkei"
 terrain_ashgabat: "Aschgabat, Turkmenistan"
 terrain_abu_dhabi: "Abu Dhabi, Vereinigte Arabische Emirate"
 terrain_dubai: "Dubai, Vereinigte Arabische Emirate"
 terrain_kiev: "Kiew, Ukraine"
 terrain_dnipro: "Dnipro, Ukraine"
 terrain_donestk: "Donestk, Ukraine"
 terrain_lwow: "Lemberg, Ukraine"
 terrain_sevastpol: "Sewastpol, Ukraine"
 terrain_chernivtsi: "Czernowitz, Ukraine"
 terrain_odessa: "Odessa, Ukraine"
 terrain_ivanofrankvisk: "Iwano-Frankvisk, Ukraine"
 terrain_kampala: "Kampala, Uganda"
 terrain_montevideo: "Montevideo, Uruguay"
 terrain_tashkent: "Taschkent, Usbekistan"
 terrain_samarkand: "Samarkand, Usbekistan"
 terrain_gibraltar: "Gibraltar, UK"
 terrain_belfast: "Belfast, UK"
 terrain_birmingham: "Birmingham, UK"
 terrain_cambridge: "Cambridge, UK"
 terrain_cardiff: "Cardiff, UK"
 terrain_leeds: "Leeds, Vereinigtes königreich"
 terrain_liverpool: "Liverpool, Vereinigtes königreich"
 terrain_manchester: "Manchester, UK"
 terrain_newcastle: "Newcastle, UK"
 terrain_nottingham: "Nottingham, UK"
 terrain_oxford: "Oxford, UK"
 terrain_sheffield: "Sheffield, UK"
 terrain_george_town: "George town, UK"
 terrain_saint_george: "Saint george, UK"
 terrain_edinburgh: "Edinburgh, UK"
 terrain_glasgow: "Glasgow, UK"
 terrain_atlanta: "Atlanta, USA"
 terrain_austin: "Austin, USA"
 terrain_baltimore: "Baltimore, USA"
 terrain_boston: "Boston, USA"
 terrain_buffalo: "Buffalo, USA"
 terrain_cleveland: "Cleveland, USA"
 terrain_dallas: "Dallas, USA"
 terrain_denver: "Denver, USA"
 terrain_detroit: "Detroit, USA"
 terrain_houston: "Houston, USA"
 terrain_indianapolis: "Indianapolis, USA"
 terrain_kansas_city: "Kansas city, USA"
 terrain_los_angeles: "Los angeles, USA"
 terrain_miami: "Miami, USA"
 terrain_key_west: "Key West, USA"
 terrain_minneapolis: "Minneapolis, USA"
 terrain_mission_viejo: "Mission Viejo, USA"
 terrain_new_orleans: "New Orleans, USA"
 terrain_new_york: "New York, USA"
 terrain_newark: "Newark, USA"
 terrain_oakland: "Oakland, USA"
 terrain_oklahoma_city: "Oklahoma City, USA"
 terrain_philadelphia: "Philadelphia, USA"
 terrain_phoneix: "Phoneix, USA"
 terrain_pittsburgh: "Pittsburgh, USA"
 terrain_portland: "Portland, USA"
 terrain_riverside: "Riverside, USA"
 terrain_sacramento: "Sacramento, USA"
 terrain_san_antonio: "San Antonio, USA"
 terrain_san_diego: "San Diego, USA"
 terrain_san_francisco: "San Francisco, USA"
 terrain_seattle: "Seattle, USA"
 terrain_st_louis: "Saint Louis, USA"
 terrain_tampa: "Tampa, USA"
 terrain_las_vegas: "Las Vegas, USA"
 terrain_washington_dc: "Washington, D.C., USA"
 terrain_san_juan: "San Juan, USA"
 terrain_charlotte_amalie: "Charlotte Amalie, USA"
 terrain_hanoi: "Hanoi, Vietnam"
 terrain_ho_chi_minh: "Ho-Chi-Minh-Stadt, Vietnam"
 terrain_caracas: "Caracas, Venezuela"
 terrain_maracaibo: "Maracaibo, Venezuela"
 terrain_aden: "Aden, Jemen"
 terrain_sanaa: "Sanaa, Jemen"
 terrain_lusaka: "Lusaka, Sambia"
 terrain_bulawayo: "Bulawayo, Simbabwe"
 terrain_harare: "Harare, Simbabwe"
 terrain_suzhou: "Suzhou, China"
 terrain_yangzhou: "Suzhou, China"
 terrain_yinchuan: "Yinchuan, China"
 terrain_zhuhai: "Zhuhai, China"